FirstName,LastName,DateOfBirth,StartDate,Department,JobTitle,Email,Mobile,Address,BaseSalary
John,Smith,1/01/2000,1/07/2023,QE,QA Engineer,john.smith@abc.com,400000001,"123 Testing Street, Sydney",120000
Jane,Godwin,1/01/2000,1/07/2025,QE,QA Engineer,jane.godwin@abc.com,400000002,"123 Testing Street, Sydney",120000
,,,,,,,,,
,,,,,,,,,
,,,,,,,,,
,,,,,,,,,
,,,,,,,,,
,,,,,,,,,
,,,,,,,,,
,,,,,,,,,
,,,,,,,,,
,,,,,,,,,
,,,,,,,,,
,,,,,,,,,
,,,,,,,,,
,,,,,,,,,
,,,,,,,,,
,,,,,,,,,
,,,,,,,,,
,,,,,,,,,
,,,,,,,,,
,,,,,,,,,
